time,open,high,low,close,Volume,ORB High,ORB Low
2024-12-26T03:45:00Z,723,726.05,720.25,724.95,69368,726.05,720.25
2024-12-26T03:50:00Z,725,727.5,724.4,726.65,52105,726.05,720.25
2024-12-26T03:55:00Z,726.7,726.95,724.1,724.1,53642,726.05,720.25
2024-12-26T04:00:00Z,723.6,724,721.5,721.55,27604,726.05,720.25
2024-12-26T04:05:00Z,721.6,722.55,721.55,722.25,15638,726.05,720.25
2024-12-26T04:10:00Z,722,725.55,722,724.1,49155,726.05,720.25
2024-12-26T04:15:00Z,724.15,724.25,722,722.2,25792,726.05,720.25
2024-12-26T04:20:00Z,722.15,723,722,722.2,12629,726.05,720.25
2024-12-26T04:25:00Z,722.2,722.3,720.15,721.5,28464,726.05,720.25
2024-12-26T04:30:00Z,721.7,725.65,721.7,723.8,28954,726.05,720.25
2024-12-26T04:35:00Z,723.85,724.65,723.05,723.95,15377,726.05,720.25
2024-12-26T04:40:00Z,723.95,723.95,722.4,722.5,26458,726.05,720.25
2024-12-26T04:45:00Z,722.75,722.75,718.1,718.2,38484,726.05,720.25
2024-12-26T04:50:00Z,718.2,720.55,717.6,719.5,32736,726.05,720.25
2024-12-26T04:55:00Z,719.5,722,719.05,720.4,18771,726.05,720.25
2024-12-26T05:00:00Z,720.4,720.7,720,720.2,9971,726.05,720.25
2024-12-26T05:05:00Z,720.2,724.1,720.2,723.85,31508,726.05,720.25
2024-12-26T05:10:00Z,724.1,725,723.85,724.8,22608,726.05,720.25
2024-12-26T05:15:00Z,724.9,724.9,722.95,723.9,16431,726.05,720.25
2024-12-26T05:20:00Z,724.7,724.8,722.8,723.45,29963,726.05,720.25
2024-12-26T05:25:00Z,723.45,724,723.2,724,4701,726.05,720.25
2024-12-26T05:30:00Z,724,724.95,723.75,724.3,9788,726.05,720.25
2024-12-26T05:35:00Z,724.3,725.5,724.3,725.4,8649,726.05,720.25
2024-12-26T05:40:00Z,725.4,725.4,724.7,724.9,9470,726.05,720.25
2024-12-26T05:45:00Z,725,725.15,723.75,723.95,7748,726.05,720.25
2024-12-26T05:50:00Z,723.95,724.2,723.8,724.2,2301,726.05,720.25
2024-12-26T05:55:00Z,724.2,724.5,723.95,724.5,5245,726.05,720.25
2024-12-26T06:00:00Z,724.5,725.7,724.3,724.6,16785,726.05,720.25
2024-12-26T06:05:00Z,724.65,724.75,723.6,723.65,4505,726.05,720.25
2024-12-26T06:10:00Z,723.55,725.85,723.3,725.85,13228,726.05,720.25
2024-12-26T06:15:00Z,726,727,725.3,725.3,17005,726.05,720.25
2024-12-26T06:20:00Z,725.3,725.5,724.15,724.45,5447,726.05,720.25
2024-12-26T06:25:00Z,724.75,725.2,724.05,724.35,5190,726.05,720.25
2024-12-26T06:30:00Z,724.35,724.6,724.1,724.1,4192,726.05,720.25
2024-12-26T06:35:00Z,724.1,724.4,723.65,723.65,4433,726.05,720.25
2024-12-26T06:40:00Z,723.9,723.9,722.5,722.8,12994,726.05,720.25
2024-12-26T06:45:00Z,723,724.85,722.55,724.8,14768,726.05,720.25
2024-12-26T06:50:00Z,724.5,724.8,724.2,724.7,5093,726.05,720.25
2024-12-26T06:55:00Z,724.4,725.6,724.05,724.75,10515,726.05,720.25
2024-12-26T07:00:00Z,725.05,725.4,724.5,724.55,3858,726.05,720.25
2024-12-26T07:05:00Z,724.5,724.7,724.05,724.7,2172,726.05,720.25
2024-12-26T07:10:00Z,724.65,724.95,724.3,724.45,4738,726.05,720.25
2024-12-26T07:15:00Z,724.55,724.75,724.25,724.3,3777,726.05,720.25
2024-12-26T07:20:00Z,724.3,724.6,724.05,724.4,7054,726.05,720.25
2024-12-26T07:25:00Z,724.15,724.6,723.65,723.95,10727,726.05,720.25
2024-12-26T07:30:00Z,723.55,724.5,723.5,724.05,7695,726.05,720.25
2024-12-26T07:35:00Z,724.5,724.5,723.65,723.65,7652,726.05,720.25
2024-12-26T07:40:00Z,723.8,724.35,723.05,723.05,3911,726.05,720.25
2024-12-26T07:45:00Z,723.05,723.15,721.75,721.9,30578,726.05,720.25
2024-12-26T07:50:00Z,721.9,722.2,721.3,722.1,6799,726.05,720.25
2024-12-26T07:55:00Z,722.1,722.1,720,720,9940,726.05,720.25
2024-12-26T08:00:00Z,720,720.7,718.2,718.2,18638,726.05,720.25
2024-12-26T08:05:00Z,718.35,720.5,718,719.7,17989,726.05,720.25
2024-12-26T08:10:00Z,719.7,720.9,719.4,720.4,6784,726.05,720.25
2024-12-26T08:15:00Z,720.05,720.45,718.85,719.2,17063,726.05,720.25
2024-12-26T08:20:00Z,719.25,720.15,719.25,719.5,6912,726.05,720.25
2024-12-26T08:25:00Z,719.8,719.9,718.1,718.55,16901,726.05,720.25
2024-12-26T08:30:00Z,718.25,718.55,717.3,717.6,24875,726.05,720.25
2024-12-26T08:35:00Z,717.7,720.2,717.55,720.15,11622,726.05,720.25
2024-12-26T08:40:00Z,720.2,720.2,718.55,719.65,7855,726.05,720.25
2024-12-26T08:45:00Z,719.65,723.6,719.5,721.4,31336,726.05,720.25
2024-12-26T08:50:00Z,721.05,721.6,720.5,721.6,12294,726.05,720.25
2024-12-26T08:55:00Z,721.65,721.8,720.05,720.3,10947,726.05,720.25
2024-12-26T09:00:00Z,720,721.3,719.9,720,19556,726.05,720.25
2024-12-26T09:05:00Z,719.9,720.9,719.9,720.3,14249,726.05,720.25
2024-12-26T09:10:00Z,720.45,721.45,720,720.95,12060,726.05,720.25
2024-12-26T09:15:00Z,721,722.3,720.95,722,15547,726.05,720.25
2024-12-26T09:20:00Z,722.05,723,721.75,722.4,31712,726.05,720.25
2024-12-26T09:25:00Z,722.65,722.85,722,722.15,12409,726.05,720.25
2024-12-26T09:30:00Z,722.25,723.45,722,723,24409,726.05,720.25
2024-12-26T09:35:00Z,722.95,723.9,722,723.6,533041,726.05,720.25
2024-12-26T09:40:00Z,723.4,731.45,722.6,731.15,150779,726.05,720.25
2024-12-26T09:45:00Z,730.3,732.9,730,730.5,120641,726.05,720.25
2024-12-26T09:50:00Z,730.9,732.55,730,730.25,99039,726.05,720.25
2024-12-26T09:55:00Z,730,735.9,730,733,149261,726.05,720.25
2024-12-27T03:45:00Z,728.95,732.65,726.85,729.1,52040,732.65,726.85
2024-12-27T03:50:00Z,729,730.75,728,730.4,37573,732.65,726.85
2024-12-27T03:55:00Z,730.8,734.8,730,734.4,79219,732.65,726.85
2024-12-27T04:00:00Z,734.45,734.75,732.5,733.2,28653,732.65,726.85
2024-12-27T04:05:00Z,733.25,733.85,732,732.35,24311,732.65,726.85
2024-12-27T04:10:00Z,732,732.6,731.5,732,24500,732.65,726.85
2024-12-27T04:15:00Z,732,732.5,731.15,731.15,20094,732.65,726.85
2024-12-27T04:20:00Z,731.15,731.35,729.75,729.95,15730,732.65,726.85
2024-12-27T04:25:00Z,729.95,729.95,728.65,729,14015,732.65,726.85
2024-12-27T04:30:00Z,729.25,729.6,725.5,726.4,32381,732.65,726.85
2024-12-27T04:35:00Z,726.6,726.6,724.1,724.25,24637,732.65,726.85
2024-12-27T04:40:00Z,724.25,725.2,724.1,724.55,18936,732.65,726.85
2024-12-27T04:45:00Z,724.25,724.5,723.1,724.2,15751,732.65,726.85
2024-12-27T04:50:00Z,724.55,724.95,723.7,723.75,14698,732.65,726.85
2024-12-27T04:55:00Z,723.9,724.85,723.15,724.15,14429,732.65,726.85
2024-12-27T05:00:00Z,724,724.15,723.75,724,8627,732.65,726.85
2024-12-27T05:05:00Z,724,725.15,723.7,724,10834,732.65,726.85
2024-12-27T05:10:00Z,724,725.7,723.55,725.3,27477,732.65,726.85
2024-12-27T05:15:00Z,724.9,724.9,722.05,722.05,14852,732.65,726.85
2024-12-27T05:20:00Z,722.3,723.7,722.05,723.05,7607,732.65,726.85
2024-12-27T05:25:00Z,722.7,723.1,720.5,720.6,18049,732.65,726.85
2024-12-27T05:30:00Z,720.6,720.95,719.5,720.45,28713,732.65,726.85
2024-12-27T05:35:00Z,720.6,721.6,720.6,720.7,10859,732.65,726.85
2024-12-27T05:40:00Z,720.7,722.5,720.55,721.45,9014,732.65,726.85
2024-12-27T05:45:00Z,721.7,722.5,721.45,721.55,6158,732.65,726.85
2024-12-27T05:50:00Z,721.55,722,720.45,720.45,5138,732.65,726.85
2024-12-27T05:55:00Z,720.85,721,720.2,720.65,5153,732.65,726.85
2024-12-27T06:00:00Z,721,723.5,721,723.25,10393,732.65,726.85
2024-12-27T06:05:00Z,723.05,723.25,720.75,721,6241,732.65,726.85
2024-12-27T06:10:00Z,721,723.25,720.55,722.85,11364,732.65,726.85
2024-12-27T06:15:00Z,722.8,723,721.95,722.1,10057,732.65,726.85
2024-12-27T06:20:00Z,722,722,720.65,720.85,8223,732.65,726.85
2024-12-27T06:25:00Z,720.85,721.7,720.5,721.6,4033,732.65,726.85
2024-12-27T06:30:00Z,721.6,721.9,721,721,6209,732.65,726.85
2024-12-27T06:35:00Z,721,722.2,720.65,721.75,8721,732.65,726.85
2024-12-27T06:40:00Z,722.15,722.5,721.65,722.1,8818,732.65,726.85
2024-12-27T06:45:00Z,722.05,722.25,721.25,722,7584,732.65,726.85
2024-12-27T06:50:00Z,721.7,723.5,721.2,723.15,11957,732.65,726.85
2024-12-27T06:55:00Z,722.75,723,721.75,722.75,5889,732.65,726.85
2024-12-27T07:00:00Z,722.8,723.25,722.5,722.5,7123,732.65,726.85
2024-12-27T07:05:00Z,722.5,722.95,722.25,722.4,8452,732.65,726.85
2024-12-27T07:10:00Z,722.4,723.1,721.8,722.05,9378,732.65,726.85
2024-12-27T07:15:00Z,722.05,722.85,721.9,722.85,6898,732.65,726.85
2024-12-27T07:20:00Z,722.75,723,722.4,723,10430,732.65,726.85
2024-12-27T07:25:00Z,722.75,723.1,722.45,722.55,5167,732.65,726.85
2024-12-27T07:30:00Z,722.55,723.05,722.25,722.55,6509,732.65,726.85
2024-12-27T07:35:00Z,722.9,723,722.25,722.95,11392,732.65,726.85
2024-12-27T07:40:00Z,723,723.15,722.5,723,7744,732.65,726.85
2024-12-27T07:45:00Z,723,723.5,722.55,722.95,10919,732.65,726.85
2024-12-27T07:50:00Z,722.65,723.1,722.55,722.65,11662,732.65,726.85
2024-12-27T07:55:00Z,722.65,723.25,722.4,722.8,13571,732.65,726.85
2024-12-27T08:00:00Z,723,723.25,722.4,723,9500,732.65,726.85
2024-12-27T08:05:00Z,723,723.85,722.55,723.6,8352,732.65,726.85
2024-12-27T08:10:00Z,723.5,726,723.5,724.65,25920,732.65,726.85
2024-12-27T08:15:00Z,724.7,725,724.05,724.35,12058,732.65,726.85
2024-12-27T08:20:00Z,724.35,724.7,723.1,723.15,63420,732.65,726.85
2024-12-27T08:25:00Z,723.15,723.95,722.55,723,15176,732.65,726.85
2024-12-27T08:30:00Z,722.5,723.2,722.45,722.85,11023,732.65,726.85
2024-12-27T08:35:00Z,722.75,724.05,722.5,723,8595,732.65,726.85
2024-12-27T08:40:00Z,723,723.25,722.15,722.7,9539,732.65,726.85
2024-12-27T08:45:00Z,723.2,723.75,722.85,723.05,9676,732.65,726.85
2024-12-27T08:50:00Z,723.05,723.6,723,723.25,10434,732.65,726.85
2024-12-27T08:55:00Z,723.15,724.55,723,723.25,19380,732.65,726.85
2024-12-27T09:00:00Z,723.3,724.35,722.5,722.6,13546,732.65,726.85
2024-12-27T09:05:00Z,722.6,723.15,722.45,722.95,6710,732.65,726.85
2024-12-27T09:10:00Z,722.9,723.25,722.65,723,6388,732.65,726.85
2024-12-27T09:15:00Z,723,723.15,722.15,722.45,20079,732.65,726.85
2024-12-27T09:20:00Z,722.2,722.45,721.05,721.5,17662,732.65,726.85
2024-12-27T09:25:00Z,721.4,721.7,719.7,720.55,48672,732.65,726.85
2024-12-27T09:30:00Z,720.35,721.5,720.05,720.15,41959,732.65,726.85
2024-12-27T09:35:00Z,720.15,721.05,720.1,720.8,17348,732.65,726.85
2024-12-27T09:40:00Z,721.15,722.3,721,722,48194,732.65,726.85
2024-12-27T09:45:00Z,722,722.3,719.6,719.6,87204,732.65,726.85
2024-12-27T09:50:00Z,720,722.6,720,722,58159,732.65,726.85
2024-12-27T09:55:00Z,722.25,723.05,721.55,721.6,78375,732.65,726.85
2024-12-30T03:45:00Z,720.45,722.6,715,717.7,56029,722.6,715
2024-12-30T03:50:00Z,717.8,719.35,715.6,716.05,33612,722.6,715
2024-12-30T03:55:00Z,715.85,719,715.1,718,28450,722.6,715
2024-12-30T04:00:00Z,717.15,718.9,717,717.85,38212,722.6,715
2024-12-30T04:05:00Z,717.15,718.9,716.8,716.8,26230,722.6,715
2024-12-30T04:10:00Z,716.3,720.3,715.75,718.85,32947,722.6,715
2024-12-30T04:15:00Z,718.9,721.1,718.9,719.8,31730,722.6,715
2024-12-30T04:20:00Z,719.9,721.85,719,721.65,20302,722.6,715
2024-12-30T04:25:00Z,721.95,721.95,719.05,719.35,34568,722.6,715
2024-12-30T04:30:00Z,719.8,722.05,719.05,721.6,16570,722.6,715
2024-12-30T04:35:00Z,721.65,724.6,721.6,723.05,51804,722.6,715
2024-12-30T04:40:00Z,723.45,724.25,722.85,723.7,28224,722.6,715
2024-12-30T04:45:00Z,723.7,724.25,722.05,723.6,37208,722.6,715
2024-12-30T04:50:00Z,723.6,725,722.7,724.8,28827,722.6,715
2024-12-30T04:55:00Z,724.4,724.85,723.6,723.95,10184,722.6,715
2024-12-30T05:00:00Z,723.65,724.6,723.6,724.1,18261,722.6,715
2024-12-30T05:05:00Z,724.55,726.55,724.1,725.8,32609,722.6,715
2024-12-30T05:10:00Z,725.5,725.9,724.1,724.85,20689,722.6,715
2024-12-30T05:15:00Z,724.85,726.65,724.5,726.45,18056,722.6,715
2024-12-30T05:20:00Z,726.4,726.5,725.1,725.25,13980,722.6,715
2024-12-30T05:25:00Z,725.35,725.5,724,724.5,15152,722.6,715
2024-12-30T05:30:00Z,724.5,726,724.4,725.55,20662,722.6,715
2024-12-30T05:35:00Z,725.9,728.35,725.45,728,31435,722.6,715
2024-12-30T05:40:00Z,728,728.55,726.5,727.6,40769,722.6,715
2024-12-30T05:45:00Z,727.6,728.5,726.9,728.25,26742,722.6,715
2024-12-30T05:50:00Z,728,729.5,728,729,35232,722.6,715
2024-12-30T05:55:00Z,729.35,729.65,728.2,729.45,31081,722.6,715
2024-12-30T06:00:00Z,729.15,729.15,727.4,728.05,18525,722.6,715
2024-12-30T06:05:00Z,728.05,728.45,726.55,726.65,20474,722.6,715
2024-12-30T06:10:00Z,726.7,727,726.05,726.05,13786,722.6,715
2024-12-30T06:15:00Z,726.3,726.75,726,726.35,14138,722.6,715
2024-12-30T06:20:00Z,726.3,726.9,725.3,725.85,14761,722.6,715
2024-12-30T06:25:00Z,725.85,728,725.3,727.4,22204,722.6,715
2024-12-30T06:30:00Z,727.4,727.8,726.2,727.5,27895,722.6,715
2024-12-30T06:35:00Z,727.4,727.5,726.4,727.4,33451,722.6,715
2024-12-30T06:40:00Z,727.4,727.5,727.4,727.4,10620,722.6,715
2024-12-30T06:45:00Z,727.4,727.9,727.4,727.6,14012,722.6,715
2024-12-30T06:50:00Z,727.6,728,726.7,727.5,49379,722.6,715
2024-12-30T06:55:00Z,727.9,728,726.1,727.05,38651,722.6,715
2024-12-30T07:00:00Z,727,728,726.35,728,20616,722.6,715
2024-12-30T07:05:00Z,727.9,727.9,726.45,727.4,31519,722.6,715
2024-12-30T07:10:00Z,727.55,728.6,727.4,728.5,20010,722.6,715
2024-12-30T07:15:00Z,728.5,728.5,727.4,727.5,13331,722.6,715
2024-12-30T07:20:00Z,727.5,727.9,727.4,727.45,23691,722.6,715
2024-12-30T07:25:00Z,727.45,728,727.45,727.8,11397,722.6,715
2024-12-30T07:30:00Z,727.5,728,725.95,727.1,114527,722.6,715
2024-12-30T07:35:00Z,726.65,727.6,726.05,727.5,38398,722.6,715
2024-12-30T07:40:00Z,727.5,727.9,727.4,727.4,13725,722.6,715
2024-12-30T07:45:00Z,727.4,727.55,726.5,726.5,11062,722.6,715
2024-12-30T07:50:00Z,726.45,726.5,721,721.05,31690,722.6,715
2024-12-30T07:55:00Z,721.3,725.4,721.05,724.15,69660,722.6,715
2024-12-30T08:00:00Z,724.45,724.9,723.65,723.95,38920,722.6,715
2024-12-30T08:05:00Z,724.35,726.35,724.35,725.7,28614,722.6,715
2024-12-30T08:10:00Z,725.5,726.05,725.4,725.8,6910,722.6,715
2024-12-30T08:15:00Z,725.55,726.6,725.4,726.45,31651,722.6,715
2024-12-30T08:20:00Z,726.2,726.45,725.7,725.95,8073,722.6,715
2024-12-30T08:25:00Z,725.8,726,725.4,725.4,71373,722.6,715
2024-12-30T08:30:00Z,725.45,725.8,724.05,725.4,53635,722.6,715
2024-12-30T08:35:00Z,725.45,725.8,725.4,725.4,5860,722.6,715
2024-12-30T08:40:00Z,725.45,725.7,724.85,725.4,46387,722.6,715
2024-12-30T08:45:00Z,725.4,726,725.4,725.4,14596,722.6,715
2024-12-30T08:50:00Z,725.4,725.85,725.4,725.75,16799,722.6,715
2024-12-30T08:55:00Z,725.65,725.95,725.4,725.4,30165,722.6,715
2024-12-30T09:00:00Z,725.45,726.3,725.4,725.7,18036,722.6,715
2024-12-30T09:05:00Z,725.8,726.5,725.45,725.8,16458,722.6,715
2024-12-30T09:10:00Z,725.8,729.65,725.65,729.1,41534,722.6,715
2024-12-30T09:15:00Z,728.8,734.95,728.8,734.4,117458,722.6,715
2024-12-30T09:20:00Z,734.45,738.95,733.5,738.5,329608,722.6,715
2024-12-30T09:25:00Z,738.9,740,736.65,739.7,258923,722.6,715
2024-12-30T09:30:00Z,739.7,742.45,734.5,741.1,879423,722.6,715
2024-12-30T09:35:00Z,742.75,748,739.15,742.4,1144305,722.6,715
2024-12-30T09:40:00Z,741.95,749.85,734.9,744.35,1091231,722.6,715
2024-12-30T09:45:00Z,745,751.9,743.9,751.55,1407931,722.6,715
2024-12-30T09:50:00Z,751.35,753.15,746,748.55,1080580,722.6,715
2024-12-30T09:55:00Z,749.25,750.3,740.85,744,566812,722.6,715
2024-12-31T03:45:00Z,739.05,739.95,726.7,727.95,156091,739.95,726.7
2024-12-31T03:50:00Z,727.6,728.55,726.6,727.65,52676,739.95,726.7
2024-12-31T03:55:00Z,727.1,729.95,726,729.15,39803,739.95,726.7
2024-12-31T04:00:00Z,728.3,731.55,727.75,730.8,68540,739.95,726.7
2024-12-31T04:05:00Z,730.8,732.95,729.8,731.9,33433,739.95,726.7
2024-12-31T04:10:00Z,731.7,733.5,730,730.45,39011,739.95,726.7
2024-12-31T04:15:00Z,730.75,731.3,729.05,730.85,20373,739.95,726.7
2024-12-31T04:20:00Z,730.85,731.2,728.5,731.1,19946,739.95,726.7
2024-12-31T04:25:00Z,730.65,731,729.5,730.85,12759,739.95,726.7
2024-12-31T04:30:00Z,730.55,731.55,729.75,730.65,13596,739.95,726.7
2024-12-31T04:35:00Z,730.65,730.8,726.75,727.9,31095,739.95,726.7
2024-12-31T04:40:00Z,727.6,727.85,726.15,726.7,15813,739.95,726.7
2024-12-31T04:45:00Z,726.7,731,726.4,731,21581,739.95,726.7
2024-12-31T04:50:00Z,731,731.7,729.2,731.7,25058,739.95,726.7
2024-12-31T04:55:00Z,731.7,731.95,730.15,730.3,15228,739.95,726.7
2024-12-31T05:00:00Z,730.3,731.45,729.4,731.1,11187,739.95,726.7
2024-12-31T05:05:00Z,731.45,731.45,730.25,730.55,7027,739.95,726.7
2024-12-31T05:10:00Z,730.05,731,729,729.6,11477,739.95,726.7
2024-12-31T05:15:00Z,729.4,729.9,729,729.45,12980,739.95,726.7
2024-12-31T05:20:00Z,729.45,730,729.2,729.9,13273,739.95,726.7
2024-12-31T05:25:00Z,729.95,729.95,728.6,728.6,8700,739.95,726.7
2024-12-31T05:30:00Z,728.65,728.65,727.05,728.15,14460,739.95,726.7
2024-12-31T05:35:00Z,728.65,729.05,727.85,729.05,9980,739.95,726.7
2024-12-31T05:40:00Z,728.7,729.6,728.2,729.25,10152,739.95,726.7
2024-12-31T05:45:00Z,729.45,729.45,727.1,727.3,17526,739.95,726.7
2024-12-31T05:50:00Z,727.3,728.35,727.1,728.05,9094,739.95,726.7
2024-12-31T05:55:00Z,728.05,728.05,726.2,726.5,15043,739.95,726.7
2024-12-31T06:00:00Z,726.45,727,726.1,727,21867,739.95,726.7
2024-12-31T06:05:00Z,727,727.8,726.6,726.75,11455,739.95,726.7
2024-12-31T06:10:00Z,726.9,729.95,726.3,729.8,32471,739.95,726.7
2024-12-31T06:15:00Z,729.5,730.85,729.45,730.1,19584,739.95,726.7
2024-12-31T06:20:00Z,730.25,732.55,730.25,731.7,26772,739.95,726.7
2024-12-31T06:25:00Z,731.7,732.95,731.35,732.3,16007,739.95,726.7
2024-12-31T06:30:00Z,732.3,734,732.25,733.25,21068,739.95,726.7
2024-12-31T06:35:00Z,733.5,733.95,732.45,733.15,17301,739.95,726.7
2024-12-31T06:40:00Z,732.9,735,732.9,734.65,16837,739.95,726.7
2024-12-31T06:45:00Z,734.65,735,734.05,734.85,11526,739.95,726.7
2024-12-31T06:50:00Z,734.6,736.9,734.1,736.9,24975,739.95,726.7
2024-12-31T06:55:00Z,736.8,737.45,736.1,737.25,24418,739.95,726.7
2024-12-31T07:00:00Z,737.25,739.95,736.85,739.5,25952,739.95,726.7
2024-12-31T07:05:00Z,739.5,739.75,739,739.35,24758,739.95,726.7
2024-12-31T07:10:00Z,739,740.9,738,740.7,42099,739.95,726.7
2024-12-31T07:15:00Z,740.7,742,740,740.25,45877,739.95,726.7
2024-12-31T07:20:00Z,740,741,739.25,740.25,19851,739.95,726.7
2024-12-31T07:25:00Z,740.25,740.9,739.7,739.7,14439,739.95,726.7
2024-12-31T07:30:00Z,739.9,740.5,738.95,739.15,17316,739.95,726.7
2024-12-31T07:35:00Z,739.1,739.8,738.85,738.85,18177,739.95,726.7
2024-12-31T07:40:00Z,738.85,739.9,738.6,739.75,14786,739.95,726.7
2024-12-31T07:45:00Z,739.8,740.5,739.6,739.6,15341,739.95,726.7
2024-12-31T07:50:00Z,739.95,741.75,739.55,741.7,19020,739.95,726.7
2024-12-31T07:55:00Z,741.4,746.95,741.4,745.5,71948,739.95,726.7
2024-12-31T08:00:00Z,745.5,748,745.5,747.2,50977,739.95,726.7
2024-12-31T08:05:00Z,747.5,747.55,745.55,746.95,38287,739.95,726.7
2024-12-31T08:10:00Z,747.3,747.5,746.25,747.25,26269,739.95,726.7
2024-12-31T08:15:00Z,747.05,748,746.95,747.6,30159,739.95,726.7
2024-12-31T08:20:00Z,747.9,748.9,747.55,747.6,33389,739.95,726.7
2024-12-31T08:25:00Z,747.6,748.4,747.5,748.3,15140,739.95,726.7
2024-12-31T08:30:00Z,748.05,752.05,748.05,750.35,114451,739.95,726.7
2024-12-31T08:35:00Z,750.25,750.8,750,750.45,25752,739.95,726.7
2024-12-31T08:40:00Z,750.8,751.7,750.35,751.6,31036,739.95,726.7
2024-12-31T08:45:00Z,751.55,751.65,750,750,34709,739.95,726.7
2024-12-31T08:50:00Z,750,750.4,749.95,750.35,19122,739.95,726.7
2024-12-31T08:55:00Z,750.35,751.5,750,750.05,69914,739.95,726.7
2024-12-31T09:00:00Z,750.1,751.5,750,751.15,32744,739.95,726.7
2024-12-31T09:05:00Z,751.5,751.5,750.7,751.25,20941,739.95,726.7
2024-12-31T09:10:00Z,751.2,751.25,748.85,749.5,40174,739.95,726.7
2024-12-31T09:15:00Z,749.95,755,749.9,754.9,134986,739.95,726.7
2024-12-31T09:20:00Z,755,757.5,753,757.15,174550,739.95,726.7
2024-12-31T09:25:00Z,756.8,758.55,755.4,758.3,206815,739.95,726.7
2024-12-31T09:30:00Z,758.05,763.35,757.2,762.85,405918,739.95,726.7
2024-12-31T09:35:00Z,763,766.55,762.5,764.8,380045,739.95,726.7
2024-12-31T09:40:00Z,765,772,765,768.65,522379,739.95,726.7
2024-12-31T09:45:00Z,768.6,771.35,766.65,769.6,446183,739.95,726.7
2024-12-31T09:50:00Z,769.3,774,768.5,773.35,438484,739.95,726.7
2024-12-31T09:55:00Z,773.3,773.9,757,761.3,436899,739.95,726.7
2025-01-01T03:45:00Z,761.45,766,754.1,765.75,151016,766,754.1
2025-01-01T03:50:00Z,765.85,766.25,762,762,78439,766,754.1
2025-01-01T03:55:00Z,762.15,768,762.15,766.6,94265,766,754.1
2025-01-01T04:00:00Z,766.6,766.8,761.75,764,50670,766,754.1
2025-01-01T04:05:00Z,763.65,764.95,762.8,764.3,27902,766,754.1
2025-01-01T04:10:00Z,764.5,764.5,762.3,763.8,31381,766,754.1
2025-01-01T04:15:00Z,763.15,763.8,762.3,763,30432,766,754.1
2025-01-01T04:20:00Z,762.8,762.85,760.5,762.35,38482,766,754.1
2025-01-01T04:25:00Z,762.05,766.95,762,766.55,43964,766,754.1
2025-01-01T04:30:00Z,766.25,767.5,765.05,766,48946,766,754.1
2025-01-01T04:35:00Z,765.95,766.1,762.55,764.8,25835,766,754.1
2025-01-01T04:40:00Z,764.8,765,763.15,764.05,16736,766,754.1
2025-01-01T04:45:00Z,764,764.5,762.35,762.75,22912,766,754.1
2025-01-01T04:50:00Z,762.75,763.75,762.65,763,24731,766,754.1
2025-01-01T04:55:00Z,763,763.2,761.25,763.2,38016,766,754.1
2025-01-01T05:00:00Z,763,764.5,762.25,762.55,40761,766,754.1
2025-01-01T05:05:00Z,762.8,764.5,762.75,763.8,19712,766,754.1
2025-01-01T05:10:00Z,764.25,764.3,763.2,763.9,15579,766,754.1
2025-01-01T05:15:00Z,764.15,764.15,762.55,762.55,12124,766,754.1
2025-01-01T05:20:00Z,762.75,763,762.35,762.95,7752,766,754.1
2025-01-01T05:25:00Z,762.95,766,762.75,764.8,30767,766,754.1
2025-01-01T05:30:00Z,764.7,765.5,763.5,763.65,23130,766,754.1
2025-01-01T05:35:00Z,763.55,763.9,762.3,762.75,19951,766,754.1
2025-01-01T05:40:00Z,762.75,762.9,762.05,762.5,17860,766,754.1
2025-01-01T05:45:00Z,762.5,762.85,762.1,762.45,6992,766,754.1
2025-01-01T05:50:00Z,762.2,762.75,762.05,762.05,8221,766,754.1
2025-01-01T05:55:00Z,762.05,762.4,760.5,760.8,26350,766,754.1
2025-01-01T06:00:00Z,761.05,761.05,759.05,759.35,40435,766,754.1
2025-01-01T06:05:00Z,759.6,759.6,758.3,759.4,19072,766,754.1
2025-01-01T06:10:00Z,759.4,760.75,758.75,760.45,16197,766,754.1
2025-01-01T06:15:00Z,760.25,763,760.25,762.6,16416,766,754.1
2025-01-01T06:20:00Z,762.6,763,762,762.85,10372,766,754.1
2025-01-01T06:25:00Z,762.7,762.7,760.65,761.15,7370,766,754.1
2025-01-01T06:30:00Z,760.9,762.6,760.9,762.2,8820,766,754.1
2025-01-01T06:35:00Z,762.15,762.15,761.1,761.7,8045,766,754.1
2025-01-01T06:40:00Z,761.4,762.05,760.8,760.8,10509,766,754.1
2025-01-01T06:45:00Z,760.75,760.75,758.4,758.4,32356,766,754.1
2025-01-01T06:50:00Z,758.7,761.4,758.7,760.45,16890,766,754.1
2025-01-01T06:55:00Z,760.25,760.7,758.8,760.65,9296,766,754.1
2025-01-01T07:00:00Z,760.65,761,759.05,759.2,9989,766,754.1
2025-01-01T07:05:00Z,759.05,759.8,758.75,759,15462,766,754.1
2025-01-01T07:10:00Z,759.35,761.95,759.05,761.5,20407,766,754.1
2025-01-01T07:15:00Z,761.8,764.45,761.35,764.3,41862,766,754.1
2025-01-01T07:20:00Z,764.25,768.9,764,768.55,99156,766,754.1
2025-01-01T07:25:00Z,768.05,768.85,767,768.1,44219,766,754.1
2025-01-01T07:30:00Z,767.95,769,766.25,768,54080,766,754.1
2025-01-01T07:35:00Z,767.95,772,767.8,771.5,81823,766,754.1
2025-01-01T07:40:00Z,771.7,773,771.5,772.25,81156,766,754.1
2025-01-01T07:45:00Z,772.5,772.95,769.3,769.45,56792,766,754.1
2025-01-01T07:50:00Z,769.5,771,768.3,770.7,60879,766,754.1
2025-01-01T07:55:00Z,770.7,770.7,767.85,769,38133,766,754.1
2025-01-01T08:00:00Z,769.15,769.95,768.25,769.95,21100,766,754.1
2025-01-01T08:05:00Z,769.95,771.8,769.95,771.7,47136,766,754.1
2025-01-01T08:10:00Z,771.75,777.6,771.5,775.85,188124,766,754.1
2025-01-01T08:15:00Z,775.9,780,775,778.6,197738,766,754.1
2025-01-01T08:20:00Z,778.95,780,777.5,778.2,89912,766,754.1
2025-01-01T08:25:00Z,778,779,776.6,777.35,61913,766,754.1
2025-01-01T08:30:00Z,777.6,777.95,774.1,774.55,70040,766,754.1
2025-01-01T08:35:00Z,774.9,776.7,774.8,775.6,33102,766,754.1
2025-01-01T08:40:00Z,776,777,775.5,775.6,25534,766,754.1
2025-01-01T08:45:00Z,775.6,778.5,775.55,776.7,44850,766,754.1
2025-01-01T08:50:00Z,777,778.8,776.75,778.2,45683,766,754.1
2025-01-01T08:55:00Z,777.85,778.4,777.5,777.65,44994,766,754.1
2025-01-01T09:00:00Z,777.85,778.2,775.95,777.4,51798,766,754.1
2025-01-01T09:05:00Z,777.05,778,776.6,776.6,15525,766,754.1
2025-01-01T09:10:00Z,776.9,777,776.05,776.3,20126,766,754.1
2025-01-01T09:15:00Z,776.25,776.5,775,775.4,45849,766,754.1
2025-01-01T09:20:00Z,775.4,778.75,775.05,778.5,116835,766,754.1
2025-01-01T09:25:00Z,778.5,779.75,777.5,777.65,93811,766,754.1
2025-01-01T09:30:00Z,777.5,778.65,776.9,778.5,43669,766,754.1
2025-01-01T09:35:00Z,778.6,779,776.6,776.6,55686,766,754.1
2025-01-01T09:40:00Z,776.75,777.7,776.6,777.2,54670,766,754.1
2025-01-01T09:45:00Z,777,777.2,776,776.4,133626,766,754.1
2025-01-01T09:50:00Z,776.4,776.4,773.2,773.75,123584,766,754.1
2025-01-01T09:55:00Z,773.5,774.9,772.1,772.1,105006,766,754.1
2025-01-02T03:45:00Z,778,780,774.45,777.5,185273,780,774.45
2025-01-02T03:50:00Z,778.3,778.3,772.3,773.2,107677,780,774.45
2025-01-02T03:55:00Z,773.15,777.6,772.3,776.5,48296,780,774.45
2025-01-02T04:00:00Z,776.2,777,775.2,776.3,37638,780,774.45
2025-01-02T04:05:00Z,775.95,776.3,772.7,772.7,58639,780,774.45
2025-01-02T04:10:00Z,772.7,773.4,771.05,772.45,90052,780,774.45
2025-01-02T04:15:00Z,772.4,772.8,769.25,770.35,59700,780,774.45
2025-01-02T04:20:00Z,770.4,771.05,769,769.65,39507,780,774.45
2025-01-02T04:25:00Z,769.85,770.95,768.85,769,36508,780,774.45
2025-01-02T04:30:00Z,769,769.75,768.5,769.7,20074,780,774.45
2025-01-02T04:35:00Z,769.75,774.9,769.35,773.65,54865,780,774.45
2025-01-02T04:40:00Z,774.25,774.5,772.4,773.85,47024,780,774.45
2025-01-02T04:45:00Z,774.1,774.35,772.65,773.1,22141,780,774.45
2025-01-02T04:50:00Z,772.6,773.5,772,773.35,30024,780,774.45
2025-01-02T04:55:00Z,773.5,776.75,773,776.4,78419,780,774.45
2025-01-02T05:00:00Z,776.4,776.95,773.55,774.25,43286,780,774.45
2025-01-02T05:05:00Z,774.3,774.3,771.05,772.15,43731,780,774.45
2025-01-02T05:10:00Z,772.55,773,771.3,771.3,28031,780,774.45
2025-01-02T05:15:00Z,771.25,774.75,770.8,774.2,40483,780,774.45
2025-01-02T05:20:00Z,774.3,777.9,773.4,775.5,80439,780,774.45
2025-01-02T05:25:00Z,775.65,776.95,774.9,776.65,45016,780,774.45
2025-01-02T05:30:00Z,776.9,777.9,776.2,776.75,46579,780,774.45
2025-01-02T05:35:00Z,776.7,777,773.5,774.35,29719,780,774.45
2025-01-02T05:40:00Z,774,774.4,772.25,772.5,23220,780,774.45
2025-01-02T05:45:00Z,772.8,772.9,771,771,28506,780,774.45
2025-01-02T05:50:00Z,771,773.95,769.5,771,58980,780,774.45
2025-01-02T05:55:00Z,770.8,772.95,770.55,771.8,22172,780,774.45
2025-01-02T06:00:00Z,771.25,772.4,770.8,771.55,24203,780,774.45
2025-01-02T06:05:00Z,771.35,771.8,770.2,771.8,28725,780,774.45
2025-01-02T06:10:00Z,771.8,772.75,771,772.65,23388,780,774.45
2025-01-02T06:15:00Z,772.65,774,771.35,773.45,32332,780,774.45
2025-01-02T06:20:00Z,773.1,778.1,773.1,775.35,97578,780,774.45
2025-01-02T06:25:00Z,775.05,776.35,774.4,776.05,35449,780,774.45
2025-01-02T06:30:00Z,776.35,776.65,774.5,775.3,29941,780,774.45
2025-01-02T06:35:00Z,775.3,775.85,774,774.05,37268,780,774.45
2025-01-02T06:40:00Z,774.3,774.3,771.5,771.5,30628,780,774.45
2025-01-02T06:45:00Z,771.85,772.8,770.75,771.25,36371,780,774.45
2025-01-02T06:50:00Z,771.4,771.4,770.15,770.15,39757,780,774.45
2025-01-02T06:55:00Z,770.05,771.65,770.05,771.2,38980,780,774.45
2025-01-02T07:00:00Z,771.25,774,771.25,773,32536,780,774.45
2025-01-02T07:05:00Z,773.25,773.75,772,772.2,22365,780,774.45
2025-01-02T07:10:00Z,772.15,773.15,771.6,771.85,25718,780,774.45
2025-01-02T07:15:00Z,771.9,772.65,771.2,772.65,20321,780,774.45
2025-01-02T07:20:00Z,772.5,772.7,771.6,771.9,19678,780,774.45
2025-01-02T07:25:00Z,771.7,772.9,771.5,771.9,31903,780,774.45
2025-01-02T07:30:00Z,771.8,772.65,771.55,771.7,21060,780,774.45
2025-01-02T07:35:00Z,771.75,771.9,771.3,771.6,17097,780,774.45
2025-01-02T07:40:00Z,771.3,771.65,767.3,768.1,73244,780,774.45
2025-01-02T07:45:00Z,768.35,770.55,768,769.95,30491,780,774.45
2025-01-02T07:50:00Z,769.9,770.6,769.25,770.2,23770,780,774.45
2025-01-02T07:55:00Z,770.2,770.5,769.8,770.1,23362,780,774.45
2025-01-02T08:00:00Z,770.1,770.8,769,770.1,24962,780,774.45
2025-01-02T08:05:00Z,770.1,772.15,769.3,771.9,30390,780,774.45
2025-01-02T08:10:00Z,772.1,772.1,770.85,771.35,20599,780,774.45
2025-01-02T08:15:00Z,771.4,771.9,770.05,771.9,33198,780,774.45
2025-01-02T08:20:00Z,772.05,772.3,770.7,771.1,20728,780,774.45
2025-01-02T08:25:00Z,771.4,772.75,771.2,772.2,31936,780,774.45
2025-01-02T08:30:00Z,772.2,772.95,772.2,772.45,25447,780,774.45
2025-01-02T08:35:00Z,772.45,772.65,771.6,772.25,20421,780,774.45
2025-01-02T08:40:00Z,772.5,776.4,772.1,775.2,70312,780,774.45
2025-01-02T08:45:00Z,775.5,776.4,775.05,776.05,62497,780,774.45
2025-01-02T08:50:00Z,776.25,784.2,776.05,782.45,355071,780,774.45
2025-01-02T08:55:00Z,782,783.4,780.1,782.5,146472,780,774.45
2025-01-02T09:00:00Z,782.5,788.7,782.5,785.95,403696,780,774.45
2025-01-02T09:05:00Z,786,788,785,786.2,131396,780,774.45
2025-01-02T09:10:00Z,786.5,786.5,783.65,784.05,106716,780,774.45
2025-01-02T09:15:00Z,784.15,785.2,782,782,112487,780,774.45
2025-01-02T09:20:00Z,782,783.65,781.6,782.85,58036,780,774.45
2025-01-02T09:25:00Z,783,785,782,784.85,68078,780,774.45
2025-01-02T09:30:00Z,784.95,784.95,782.65,783.45,60694,780,774.45
2025-01-02T09:35:00Z,783.1,795.4,780.45,788.1,703925,780,774.45
2025-01-02T09:40:00Z,788.05,788.9,786.15,786.15,210574,780,774.45
2025-01-02T09:45:00Z,786.6,789.75,785.25,788.3,270968,780,774.45
2025-01-02T09:50:00Z,788.4,790,788.1,790,199597,780,774.45
2025-01-02T09:55:00Z,790,791,788.5,788.5,192453,780,774.45
2025-01-03T03:45:00Z,789.2,791,785.35,787.2,208094,791,785.35
2025-01-03T03:50:00Z,787.4,792.9,786.35,789.4,168535,791,785.35
2025-01-03T03:55:00Z,789.75,790.6,788.6,789.4,62359,791,785.35
2025-01-03T04:00:00Z,789.3,790.4,786.5,787.45,61314,791,785.35
2025-01-03T04:05:00Z,787.4,788,784.55,785.85,169791,791,785.35
2025-01-03T04:10:00Z,785.6,785.95,780.65,781.7,88546,791,785.35
2025-01-03T04:15:00Z,782,782.05,779,779.4,158565,791,785.35
2025-01-03T04:20:00Z,779.65,779.8,774.3,775.7,152584,791,785.35
2025-01-03T04:25:00Z,775.05,777.9,773.45,776.95,110132,791,785.35
2025-01-03T04:30:00Z,776.65,779.25,776.05,778.1,75843,791,785.35
2025-01-03T04:35:00Z,777.65,778.25,774.25,776,131522,791,785.35
2025-01-03T04:40:00Z,775.95,776,774.5,775,44435,791,785.35
2025-01-03T04:45:00Z,775.15,776.5,775,775.75,28145,791,785.35
2025-01-03T04:50:00Z,775.75,777.6,774.8,774.8,40861,791,785.35
2025-01-03T04:55:00Z,775.3,775.3,772.3,773.95,77361,791,785.35
2025-01-03T05:00:00Z,773.95,774,772.35,772.5,42154,791,785.35
2025-01-03T05:05:00Z,771.8,772.4,771,771.5,76238,791,785.35
2025-01-03T05:10:00Z,771.85,774.35,771.4,773.9,43626,791,785.35
2025-01-03T05:15:00Z,773.9,773.9,771.75,772.6,27011,791,785.35
2025-01-03T05:20:00Z,772.75,772.8,771.7,772.15,24772,791,785.35
2025-01-03T05:25:00Z,772.15,772.9,770.05,770.45,56062,791,785.35
2025-01-03T05:30:00Z,771,771.25,769.1,769.95,80002,791,785.35
2025-01-03T05:35:00Z,769.95,771.1,769.5,769.95,33978,791,785.35
2025-01-03T05:40:00Z,770.1,770.1,768,768.95,71512,791,785.35
2025-01-03T05:45:00Z,768.85,769.55,768.05,768.5,40436,791,785.35
2025-01-03T05:50:00Z,768.5,769.9,768.15,769.3,39137,791,785.35
2025-01-03T05:55:00Z,769.3,769.4,762,763.6,201296,791,785.35
2025-01-03T06:00:00Z,763.5,764.95,760.4,764.4,121010,791,785.35
2025-01-03T06:05:00Z,764.5,764.5,763,763.55,51280,791,785.35
2025-01-03T06:10:00Z,763.7,764.45,761.5,762,67277,791,785.35
2025-01-03T06:15:00Z,761.75,763.9,761.5,762.9,44539,791,785.35
2025-01-03T06:20:00Z,762.85,764.4,762.85,764.15,42490,791,785.35
2025-01-03T06:25:00Z,764.25,765,764.25,765,56100,791,785.35
2025-01-03T06:30:00Z,765,765,764.5,764.9,29796,791,785.35
2025-01-03T06:35:00Z,764.9,765,763.1,763.5,55785,791,785.35
2025-01-03T06:40:00Z,763.55,764.35,762.3,764.35,34856,791,785.35
2025-01-03T06:45:00Z,764.35,764.35,762.7,763,49890,791,785.35
2025-01-03T06:50:00Z,763,763,761.45,761.45,41944,791,785.35
2025-01-03T06:55:00Z,761.5,761.5,759,759.25,126235,791,785.35
2025-01-03T07:00:00Z,759.15,759.7,757.4,759.45,80184,791,785.35
2025-01-03T07:05:00Z,759.3,760,758.15,759.25,62632,791,785.35
2025-01-03T07:10:00Z,759.2,762.35,759.2,762.35,39820,791,785.35
2025-01-03T07:15:00Z,762.25,763.9,762.05,763.1,49434,791,785.35
2025-01-03T07:20:00Z,763.65,765.45,763.35,764,68425,791,785.35
2025-01-03T07:25:00Z,764,764,761.9,761.9,30148,791,785.35
2025-01-03T07:30:00Z,761.75,763.1,761.45,763.1,34951,791,785.35
2025-01-03T07:35:00Z,762.55,763,760.55,761,35409,791,785.35
2025-01-03T07:40:00Z,761,763,760.4,763,24912,791,785.35
2025-01-03T07:45:00Z,763,763.85,762.4,763.05,21188,791,785.35
2025-01-03T07:50:00Z,763.05,763.8,762.1,762.9,23315,791,785.35
2025-01-03T07:55:00Z,762.9,763.55,762.55,763.4,12353,791,785.35
2025-01-03T08:00:00Z,763.25,764.5,763.2,763.95,26729,791,785.35
2025-01-03T08:05:00Z,764,765.45,763.35,765.05,37629,791,785.35
2025-01-03T08:10:00Z,764.95,765.35,764.6,765.15,29506,791,785.35
2025-01-03T08:15:00Z,765,765.2,764.6,765,43498,791,785.35
2025-01-03T08:20:00Z,765.25,765.85,765,765.2,53729,791,785.35
2025-01-03T08:25:00Z,765.1,765.25,763.55,763.55,44796,791,785.35
2025-01-03T08:30:00Z,764,765.95,763.1,765.25,62061,791,785.35
2025-01-03T08:35:00Z,765.1,765.75,765,765.75,33644,791,785.35
2025-01-03T08:40:00Z,765.65,767,765.35,766.35,97038,791,785.35
2025-01-03T08:45:00Z,766.35,767.9,765.15,767.35,72914,791,785.35
2025-01-03T08:50:00Z,767.65,768.3,767.4,767.7,36170,791,785.35
2025-01-03T08:55:00Z,767.7,768.85,767,768.15,52562,791,785.35
2025-01-03T09:00:00Z,768.2,768.4,767.5,767.95,21858,791,785.35
2025-01-03T09:05:00Z,767.95,768.7,767.4,768.55,40858,791,785.35
2025-01-03T09:10:00Z,768.55,768.55,764.5,767.9,93799,791,785.35
2025-01-03T09:15:00Z,767.7,774.45,767.25,774.45,231497,791,785.35
2025-01-03T09:20:00Z,773.9,777.2,772.3,776.55,245537,791,785.35
2025-01-03T09:25:00Z,776.55,781.85,775.7,778.35,328584,791,785.35
2025-01-03T09:30:00Z,778.65,780,776,776.4,236390,791,785.35
2025-01-03T09:35:00Z,776.25,776.4,772.3,775.95,243928,791,785.35
2025-01-03T09:40:00Z,776.25,784.2,773.75,774.5,447497,791,785.35
2025-01-03T09:45:00Z,774.45,774.8,770.05,773,224384,791,785.35
2025-01-03T09:50:00Z,773.5,782,773,782,415710,791,785.35
2025-01-03T09:55:00Z,781.55,782.6,778.2,781,299080,791,785.35
2025-01-06T03:45:00Z,782.8,789.9,778.95,787.05,198891,789.9,778.95
2025-01-06T03:50:00Z,787.4,793.45,786,789.65,324701,789.9,778.95
2025-01-06T03:55:00Z,789.55,789.75,773.85,778.2,375994,789.9,778.95
2025-01-06T04:00:00Z,777.95,780.7,776.3,778.5,100048,789.9,778.95
2025-01-06T04:05:00Z,778.1,780.7,776.3,780.05,85203,789.9,778.95
2025-01-06T04:10:00Z,780.4,782.6,777.8,782.25,67274,789.9,778.95
2025-01-06T04:15:00Z,782,785.8,778.3,785.8,91695,789.9,778.95
2025-01-06T04:20:00Z,785.8,786.25,782.55,786,93573,789.9,778.95
2025-01-06T04:25:00Z,786,786.45,780.05,780.1,101173,789.9,778.95
2025-01-06T04:30:00Z,779.45,782,777.75,781.2,90070,789.9,778.95
2025-01-06T04:35:00Z,781.05,785.05,781,783.6,63377,789.9,778.95
2025-01-06T04:40:00Z,783.6,784.95,780.35,780.45,54838,789.9,778.95
2025-01-06T04:45:00Z,780.45,780.75,777.05,777.7,47012,789.9,778.95
2025-01-06T04:50:00Z,777.75,778,776.35,776.7,47343,789.9,778.95
2025-01-06T04:55:00Z,777.5,778.85,775.55,776,58401,789.9,778.95
2025-01-06T05:00:00Z,776.2,776.8,772.7,773.7,81839,789.9,778.95
2025-01-06T05:05:00Z,773.3,775.6,772,773.6,33934,789.9,778.95
2025-01-06T05:10:00Z,773.6,774.6,771.05,771.75,33698,789.9,778.95
2025-01-06T05:15:00Z,771.8,771.95,768.75,769.15,66949,789.9,778.95
2025-01-06T05:20:00Z,769.15,770.25,767.2,767.8,77830,789.9,778.95
2025-01-06T05:25:00Z,768.1,773,767.65,771.55,77826,789.9,778.95
2025-01-06T05:30:00Z,771.6,772.4,765.55,767.15,55656,789.9,778.95
2025-01-06T05:35:00Z,766.75,768.8,766.5,767.15,42289,789.9,778.95
2025-01-06T05:40:00Z,767,767,765.15,765.55,42023,789.9,778.95
2025-01-06T05:45:00Z,765.55,767,764.45,767,68031,789.9,778.95
2025-01-06T05:50:00Z,766.6,766.7,764.5,765.8,42685,789.9,778.95
2025-01-06T05:55:00Z,765.8,768.6,765.8,768.3,38037,789.9,778.95
2025-01-06T06:00:00Z,768.4,768.6,766.05,766.95,37749,789.9,778.95
2025-01-06T06:05:00Z,766.95,769,766.5,766.55,19422,789.9,778.95
2025-01-06T06:10:00Z,766.55,767.4,765.45,766,30381,789.9,778.95
2025-01-06T06:15:00Z,766.35,766.35,760.6,760.6,71629,789.9,778.95
2025-01-06T06:20:00Z,761.3,761.3,759.2,759.5,53984,789.9,778.95
2025-01-06T06:25:00Z,759.5,759.6,758.1,758.85,27991,789.9,778.95
2025-01-06T06:30:00Z,758.7,762.9,758.7,762.05,44607,789.9,778.95
2025-01-06T06:35:00Z,761.9,764.85,761.85,763.3,30370,789.9,778.95
2025-01-06T06:40:00Z,763,766.1,762.75,765.25,23326,789.9,778.95
2025-01-06T06:45:00Z,765.5,766.5,763.55,764.9,25861,789.9,778.95
2025-01-06T06:50:00Z,764.5,765.75,763.2,763.6,16045,789.9,778.95
2025-01-06T06:55:00Z,763.75,764.5,762,762,25248,789.9,778.95
2025-01-06T07:00:00Z,762,765.5,762,764.3,24840,789.9,778.95
2025-01-06T07:05:00Z,764.3,768.4,763.6,767.9,26058,789.9,778.95
2025-01-06T07:10:00Z,768.4,769.85,767.2,767.5,42621,789.9,778.95
2025-01-06T07:15:00Z,767.5,770.45,766.6,770.15,40138,789.9,778.95
2025-01-06T07:20:00Z,770.15,770.6,768.05,768.3,36812,789.9,778.95
2025-01-06T07:25:00Z,768.1,769.15,767.45,768.3,129032,789.9,778.95
2025-01-06T07:30:00Z,768.95,769,764.4,764.4,98033,789.9,778.95
2025-01-06T07:35:00Z,764.7,765.75,761.95,762.3,92065,789.9,778.95
2025-01-06T07:40:00Z,762,763.55,761.5,762,36989,789.9,778.95
2025-01-06T07:45:00Z,761.9,762.05,760.5,761.3,38038,789.9,778.95
2025-01-06T07:50:00Z,761,761.5,759.35,759.35,41951,789.9,778.95
2025-01-06T07:55:00Z,759.1,760.55,759,760.5,33251,789.9,778.95
2025-01-06T08:00:00Z,760.05,760.05,759,759.35,26006,789.9,778.95
2025-01-06T08:05:00Z,760.05,761.05,759.65,760.8,24004,789.9,778.95
2025-01-06T08:10:00Z,760.55,760.8,755.5,758,63000,789.9,778.95
2025-01-06T08:15:00Z,758.1,760.8,756.2,757.55,48178,789.9,778.95
2025-01-06T08:20:00Z,757.35,757.8,754.6,754.95,73161,789.9,778.95
2025-01-06T08:25:00Z,754.8,755.65,753.65,754.9,47092,789.9,778.95
2025-01-06T08:30:00Z,754.75,758,754.75,757.25,37309,789.9,778.95
2025-01-06T08:35:00Z,756.25,757.65,749.15,752.8,397870,789.9,778.95
2025-01-06T08:40:00Z,752.7,755.8,752.1,752.5,180452,789.9,778.95
2025-01-06T08:45:00Z,752.75,753.25,750,751.5,113200,789.9,778.95
2025-01-06T08:50:00Z,751.45,753.25,750.25,751.05,48958,789.9,778.95
2025-01-06T08:55:00Z,751.1,751.1,748.1,749.1,102954,789.9,778.95
2025-01-06T09:00:00Z,749,749.05,745.35,746.65,88875,789.9,778.95
2025-01-06T09:05:00Z,746.7,747,743.55,744.4,71424,789.9,778.95
2025-01-06T09:10:00Z,744.15,745.15,742.45,743,170699,789.9,778.95
2025-01-06T09:15:00Z,743,746.9,742.2,746.3,55717,789.9,778.95
2025-01-06T09:20:00Z,746.65,749.9,746.55,749.2,117517,789.9,778.95
2025-01-06T09:25:00Z,749,751.15,748.35,750.6,47208,789.9,778.95
2025-01-06T09:30:00Z,751.15,751.8,747.05,748.9,83370,789.9,778.95
2025-01-06T09:35:00Z,749,751.2,748.85,749.15,65183,789.9,778.95
2025-01-06T09:40:00Z,749.45,749.8,741.9,742.3,192946,789.9,778.95
2025-01-06T09:45:00Z,742.35,744,740.5,743.9,252914,789.9,778.95
2025-01-06T09:50:00Z,744,744.75,741.4,744.2,116861,789.9,778.95
2025-01-06T09:55:00Z,744.2,746.7,743.2,744.9,77983,789.9,778.95
